<?xml version="1.0"?>
<!--<!DOCTYPE metadata SYSTEM "http://www.esri.com/metadata/esriprof80.dtd">-->
<metadata xml:lang="en"><Esri><CreaDate>20071023</CreaDate><CreaTime>10014100</CreaTime><SyncOnce>FALSE</SyncOnce><DataProperties><lineage><Process Name="CreateFishnet_2" ToolSource="C:\Program Files\ArcGIS\ArcToolbox\Toolboxes\Data Management Tools.tbx\CreateFishnet" Date="20070717" Time="144737">CreateFishnet D:\Tasks\_GIS_Data\RSA.gdb\Fishnet2_10K "16 -35" "16 -25" 0.05 0.05 0 0 "35 -21" NO_LABELS D:\Tasks\_GIS_Data\RSA.gdb\Fishnet2_10K_label "16 -35 35 -21"</Process><Process Name="FeatureToPolygon_3" ToolSource="C:\Program Files\ArcGIS\ArcToolbox\Toolboxes\Data Management Tools.tbx\FeatureToPolygon" Date="20070717" Time="145500">FeatureToPolygon Fishnet2_10K D:\Tasks\_GIS_Data\RSA.gdb\Fishnet_10K_Poly # ATTRIBUTES #</Process><Process Name="SpatialJoin_1" ToolSource="C:\Program Files\ArcGIS\ArcToolbox\Toolboxes\Analysis Tools.tbx\SpatialJoin" Date="20070717" Time="152052">SpatialJoin ix_Sheet_10K v10Sheet_FeatureToPoint D:\Tasks\_GIS_Data\RSA.gdb\ix_Sheet_10K_SpatialJoin JOIN_ONE_TO_ONE KEEP_ALL "Shape_Length Shape_Length false true true 8 Double 0 0 ,First,#,D:\Tasks\_GIS_Data\RSA.gdb\ix_Sheet_10K,Shape_Length,-1,-1;Shape_Area Shape_Area false true true 8 Double 0 0 ,First,#,D:\Tasks\_GIS_Data\RSA.gdb\ix_Sheet_10K,Shape_Area,-1,-1;tile_name tile_name true true false 32 Text 0 0 ,First,#,D:\Tasks\_GIS_Data\RSA.gdb\v10Sheet_FeatureToPoint,tile_name,-1,-1;location location true true false 128 Text 0 0 ,First,#,D:\Tasks\_GIS_Data\RSA.gdb\v10Sheet_FeatureToPoint,location,-1,-1;loaded Loaded true true false 3 Text 0 0 ,First,#,D:\Tasks\_GIS_Data\RSA.gdb\v10Sheet_FeatureToPoint,loaded,-1,-1;SE_Area_shape_ SE_Area_shape_ true false false 8 Double 0 0 ,First,#,D:\Tasks\_GIS_Data\RSA.gdb\v10Sheet_FeatureToPoint,SE_Area_shape_,-1,-1;SE_Length_shape_ SE_Length_shape_ true false false 8 Double 0 0 ,First,#,D:\Tasks\_GIS_Data\RSA.gdb\v10Sheet_FeatureToPoint,SE_Length_shape_,-1,-1" INTERSECTS "0 DecimalDegrees"</Process><Process Name="Dissolve_3" ToolSource="C:\Program Files\ArcGIS\ArcToolbox\Toolboxes\Data Management Tools.tbx\Dissolve" Date="20070718" Time="101314">Dissolve ix_Sheet_10K_SpatialJoin D:\Tasks\_GIS_Data\RSA.gdb\ix_Sheet_50K2 map_name # SINGLE_PART</Process><Process Name="SpatialJoin_4" ToolSource="C:\Program Files\ArcGIS\ArcToolbox\Toolboxes\Analysis Tools.tbx\SpatialJoin" Date="20070718" Time="110826">SpatialJoin ix_Sheet_50K2 v50Sheet_FeatureToPoint D:\Tasks\_GIS_Data\RSA.gdb\ix_Sheet_50K2_SpatialJoin JOIN_ONE_TO_ONE KEEP_ALL "map_name map_name true true false 6 Text 0 0 ,First,#,D:\Tasks\_GIS_Data\RSA.gdb\ix_Sheet_50K2,map_name,-1,-1;Shape_Length Shape_Length false true true 8 Double 0 0 ,First,#,D:\Tasks\_GIS_Data\RSA.gdb\ix_Sheet_50K2,Shape_Length,-1,-1;Shape_Area Shape_Area false true true 8 Double 0 0 ,First,#,D:\Tasks\_GIS_Data\RSA.gdb\ix_Sheet_50K2,Shape_Area,-1,-1;area area true true false 8 Double 0 0 ,First,#,D:\Tasks\_GIS_Data\RSA.gdb\v50Sheet_FeatureToPoint,area,-1,-1;perimeter perimeter true true false 8 Double 0 0 ,First,#,D:\Tasks\_GIS_Data\RSA.gdb\v50Sheet_FeatureToPoint,perimeter,-1,-1;sheet50_wgs_ sheet50_wgs_ true true false 4 Long 0 0 ,First,#,D:\Tasks\_GIS_Data\RSA.gdb\v50Sheet_FeatureToPoint,sheet50_wgs_,-1,-1;sheet50_wgs_id sheet50_wgs_id true true false 4 Long 0 0 ,First,#,D:\Tasks\_GIS_Data\RSA.gdb\v50Sheet_FeatureToPoint,sheet50_wgs_id,-1,-1;sh_nme sh_nme true true false 25 Text 0 0 ,First,#,D:\Tasks\_GIS_Data\RSA.gdb\v50Sheet_FeatureToPoint,sh_nme,-1,-1;sh_no sh_no true true false 32 Text 0 0 ,First,#,D:\Tasks\_GIS_Data\RSA.gdb\v50Sheet_FeatureToPoint,sh_no,-1,-1;edition edition true true false 8 Double 0 0 ,First,#,D:\Tasks\_GIS_Data\RSA.gdb\v50Sheet_FeatureToPoint,edition,-1,-1;year year true true false 8 Double 0 0 ,First,#,D:\Tasks\_GIS_Data\RSA.gdb\v50Sheet_FeatureToPoint,year,-1,-1;comment comment true true false 25 Text 0 0 ,First,#,D:\Tasks\_GIS_Data\RSA.gdb\v50Sheet_FeatureToPoint,comment,-1,-1;opp_ha50 opp_ha50 true true false 8 Double 0 0 ,First,#,D:\Tasks\_GIS_Data\RSA.gdb\v50Sheet_FeatureToPoint,opp_ha50,-1,-1;SE_Area_shape_ SE_Area_shape_ true false false 8 Double 0 0 ,First,#,D:\Tasks\_GIS_Data\RSA.gdb\v50Sheet_FeatureToPoint,SE_Area_shape_,-1,-1;SE_Length_shape_ SE_Length_shape_ true false false 8 Double 0 0 ,First,#,D:\Tasks\_GIS_Data\RSA.gdb\v50Sheet_FeatureToPoint,SE_Length_shape_,-1,-1" INTERSECTS "0 DecimalDegrees"</Process><Process ToolSource="C:\Program Files\ArcGIS\ArcToolbox\Toolboxes\Data Management Tools.tbx\CopyFeatures" Date="20070719" Time="112057">CopyFeatures D:\Tasks\_GIS_Data\RSA.gdb\ix_Sheet_50K D:\Tasks\Temp\Hein\new_mi\ix_Sheet_50K.shp # 0 0 0</Process><Process ToolSource="C:\Program Files\ArcGIS\ArcToolbox\Toolboxes\Data Management Tools.tbx\CopyFeatures" Date="20070719" Time="135335">CopyFeatures C:\Data\AGIS\mi_Sheet_50K.shp "Database Connections\sde@saagis.sde\sde:sde.mi_Sheet_50K" # 0 0 0</Process><Process ToolSource="C:\Program Files\ArcGIS\ArcToolbox\Toolboxes\Data Management Tools.tbx\CopyFeatures" Date="20080109" Time="115418">CopyFeatures "Database Connections\LIVE_SERVER_V890.sde\sde:sde.mi_Sheet_50K" J:\SHP\sde_sde_mi_Sheet_50K.shp # 0 0 0</Process><Process ToolSource="c:\program files\arcgis\pro\Resources\ArcToolbox\toolboxes\Conversion Tools.tbx\FeatureClassToFeatureClass" Date="20220622" Time="163002">FeatureClassToFeatureClass Sheet_50K "F:\GIT Hons\716\ET project\Data" 3318DD.shp # "sh_nme "sh_nme" true true false 25 Text 0 0,First,#,Sheet_50K,sh_nme,0,25;sh_no "sh_no" true true false 32 Text 0 0,First,#,Sheet_50K,sh_no,0,32;edition "edition" true true false 19 Double 11 18,First,#,Sheet_50K,edition,-1,-1;year_ "year_" true true false 19 Double 11 18,First,#,Sheet_50K,year_,-1,-1;comment "comment" true true false 25 Text 0 0,First,#,Sheet_50K,comment,0,25;opp_ha50 "opp_ha50" true true false 19 Double 11 18,First,#,Sheet_50K,opp_ha50,-1,-1;shape_leng "shape_leng" true true false 19 Double 11 18,First,#,Sheet_50K,shape_leng,-1,-1;SE_Area_sh "SE_Area_sh" true true false 19 Double 0 0,First,#,Sheet_50K,SE_Area_sh,-1,-1;SE_Length_ "SE_Length_" true true false 19 Double 0 0,First,#,Sheet_50K,SE_Length_,-1,-1" #</Process></lineage><itemProps><itemName Sync="TRUE">3318DD</itemName><imsContentType Sync="TRUE">002</imsContentType><itemSize Sync="TRUE">0.000</itemSize><itemLocation><linkage Sync="TRUE">file://\\DOMINATION\F$\GIT Hons\716\ET project\Data\3318DD.shp</linkage><protocol Sync="TRUE">Local Area Network</protocol></itemLocation></itemProps><coordRef><type Sync="TRUE">Geographic</type><geogcsn Sync="TRUE">GCS_WGS_1984</geogcsn><csUnits Sync="TRUE">Angular Unit: Degree (0.017453)</csUnits><peXml Sync="TRUE">&lt;GeographicCoordinateSystem xsi:type='typens:GeographicCoordinateSystem' xmlns:xsi='http://www.w3.org/2001/XMLSchema-instance' xmlns:xs='http://www.w3.org/2001/XMLSchema' xmlns:typens='http://www.esri.com/schemas/ArcGIS/2.9.0'&gt;&lt;WKT&gt;GEOGCS[&amp;quot;GCS_WGS_1984&amp;quot;,DATUM[&amp;quot;D_WGS_1984&amp;quot;,SPHEROID[&amp;quot;WGS_1984&amp;quot;,6378137.0,298.257223563]],PRIMEM[&amp;quot;Greenwich&amp;quot;,0.0],UNIT[&amp;quot;Degree&amp;quot;,0.0174532925199433],AUTHORITY[&amp;quot;EPSG&amp;quot;,4326]]&lt;/WKT&gt;&lt;XOrigin&gt;-400&lt;/XOrigin&gt;&lt;YOrigin&gt;-400&lt;/YOrigin&gt;&lt;XYScale&gt;11258999068426.238&lt;/XYScale&gt;&lt;ZOrigin&gt;-100000&lt;/ZOrigin&gt;&lt;ZScale&gt;10000&lt;/ZScale&gt;&lt;MOrigin&gt;-100000&lt;/MOrigin&gt;&lt;MScale&gt;10000&lt;/MScale&gt;&lt;XYTolerance&gt;8.983152841195215e-09&lt;/XYTolerance&gt;&lt;ZTolerance&gt;0.001&lt;/ZTolerance&gt;&lt;MTolerance&gt;0.001&lt;/MTolerance&gt;&lt;HighPrecision&gt;true&lt;/HighPrecision&gt;&lt;LeftLongitude&gt;-180&lt;/LeftLongitude&gt;&lt;WKID&gt;4326&lt;/WKID&gt;&lt;LatestWKID&gt;4326&lt;/LatestWKID&gt;&lt;/GeographicCoordinateSystem&gt;</peXml></coordRef></DataProperties><SyncDate>20220622</SyncDate><SyncTime>16300200</SyncTime><ModDate>20220622</ModDate><ModTime>16300200</ModTime><MetaID>{84B51F0B-E440-4848-9EAC-514779C2328D}</MetaID></Esri><idinfo><native Sync="TRUE">Microsoft Windows XP Version 5.1 (Build 2600) Service Pack 2; ESRI ArcCatalog 9.2.4.1420</native><descript><langdata Sync="TRUE">en</langdata><abstract>REQUIRED: A brief narrative summary of the data set.</abstract><purpose>REQUIRED: A summary of the intentions with which the data set was developed.</purpose></descript><citation><citeinfo><origin>REQUIRED: The name of an organization or individual that developed the data set.</origin><pubdate>REQUIRED: The date when the data set is published or otherwise made available for release.</pubdate><title Sync="TRUE">sde_sde_mi_Sheet_50K</title><ftname Sync="TRUE">sde_sde_mi_Sheet_50K</ftname><geoform Sync="TRUE">vector digital data</geoform><onlink Sync="TRUE">\\Gis\DAWCGIS\AGIS\2007\Map_Info\sde_sde_mi_Sheet_50K</onlink></citeinfo></citation><timeperd><current>REQUIRED: The basis on which the time period of content information is determined.</current><timeinfo><sngdate><caldate>REQUIRED: The year (and optionally month, or month and day) for which the data set corresponds to the ground.</caldate></sngdate></timeinfo></timeperd><status><progress>REQUIRED: The state of the data set.</progress><update>REQUIRED: The frequency with which changes and additions are made to the data set after the initial data set is completed.</update></status><spdom><bounding><westbc Sync="TRUE">REQUIRED: Western-most coordinate of the limit of coverage expressed in longitude.</westbc><eastbc Sync="TRUE">REQUIRED: Eastern-most coordinate of the limit of coverage expressed in longitude.</eastbc><northbc Sync="TRUE">REQUIRED: Northern-most coordinate of the limit of coverage expressed in latitude.</northbc><southbc Sync="TRUE">REQUIRED: Southern-most coordinate of the limit of coverage expressed in latitude.</southbc></bounding></spdom><keywords><theme><themekt>REQUIRED: Reference to a formally registered thesaurus or a similar authoritative source of theme keywords.</themekt><themekey>REQUIRED: Common-use word or phrase used to describe the subject of the data set.</themekey></theme></keywords><accconst>REQUIRED: Restrictions and legal prerequisites for accessing the data set.</accconst><useconst>REQUIRED: Restrictions and legal prerequisites for using the data set after access is granted.</useconst><natvform Sync="TRUE">Shapefile</natvform></idinfo><dataIdInfo><envirDesc Sync="TRUE">Microsoft Windows 10 Version 10.0 (Build 22000) ; Esri ArcGIS 12.9.2.32739</envirDesc><dataLang><languageCode Sync="TRUE" value="eng"></languageCode><countryCode value="ZAF" Sync="TRUE"></countryCode></dataLang><idCitation><resTitle Sync="TRUE">3318DD</resTitle><presForm><PresFormCd Sync="TRUE" value="005"></PresFormCd></presForm></idCitation><spatRpType><SpatRepTypCd Sync="TRUE" value="001"></SpatRepTypCd></spatRpType></dataIdInfo><metainfo><langmeta Sync="TRUE">en</langmeta><metstdn Sync="TRUE">FGDC Content Standards for Digital Geospatial Metadata</metstdn><metstdv Sync="TRUE">FGDC-STD-001-1998</metstdv><mettc Sync="TRUE">local time</mettc><metc><cntinfo><cntorgp><cntper>REQUIRED: The person responsible for the metadata information.</cntper><cntorg>REQUIRED: The organization responsible for the metadata information.</cntorg></cntorgp><cntaddr><addrtype>REQUIRED: The mailing and/or physical address for the organization or individual.</addrtype><city>REQUIRED: The city of the address.</city><state>REQUIRED: The state or province of the address.</state><postal>REQUIRED: The ZIP or other postal code of the address.</postal></cntaddr><cntvoice>REQUIRED: The telephone number by which individuals can speak to the organization or individual.</cntvoice></cntinfo></metc><metd Sync="TRUE">20080109</metd></metainfo><mdLang><languageCode Sync="TRUE" value="eng"></languageCode><countryCode value="ZAF" Sync="TRUE"></countryCode></mdLang><mdStanName Sync="TRUE">ISO 19115 Geographic Information - Metadata</mdStanName><mdStanVer Sync="TRUE">DIS_ESRI1.0</mdStanVer><mdChar><CharSetCd Sync="TRUE" value="004"></CharSetCd></mdChar><mdHrLv><ScopeCd Sync="TRUE" value="005"></ScopeCd></mdHrLv><mdHrLvName Sync="TRUE">dataset</mdHrLvName><distinfo><resdesc Sync="TRUE">Downloadable Data</resdesc><stdorder><digform><digtinfo><transize Sync="TRUE">0.000</transize><dssize Sync="TRUE">0.000</dssize></digtinfo></digform></stdorder></distinfo><distInfo><distributor><distorTran><onLineSrc><orDesc Sync="TRUE">002</orDesc><linkage Sync="TRUE">file://\\Gis\DAWCGIS\AGIS\2007\Map_Info\sde_sde_mi_Sheet_50K</linkage><protocol Sync="TRUE">Local Area Network</protocol></onLineSrc><transSize Sync="TRUE">0.000</transSize></distorTran><distorFormat><formatName Sync="TRUE">Shapefile</formatName></distorFormat></distributor><distFormat><formatName Sync="TRUE">Shapefile</formatName></distFormat><distTranOps><transSize Sync="TRUE">0.000</transSize></distTranOps></distInfo><spdoinfo><direct Sync="TRUE">Vector</direct><ptvctinf><esriterm Name="3318DD"><efeatyp Sync="TRUE">Simple</efeatyp><efeageom code="4" Sync="TRUE"></efeageom><esritopo Sync="TRUE">FALSE</esritopo><efeacnt Sync="TRUE">0</efeacnt><spindex Sync="TRUE">FALSE</spindex><linrefer Sync="TRUE">FALSE</linrefer></esriterm></ptvctinf></spdoinfo><spatRepInfo><VectSpatRep><geometObjs Name="3318DD"><geoObjTyp><GeoObjTypCd value="002" Sync="TRUE"></GeoObjTypCd></geoObjTyp><geoObjCnt Sync="TRUE">0</geoObjCnt></geometObjs><topLvl><TopoLevCd value="001" Sync="TRUE"></TopoLevCd></topLvl></VectSpatRep></spatRepInfo><eainfo><detailed Name="3318DD"><enttyp><enttypl Sync="TRUE">3318DD</enttypl><enttypt Sync="TRUE">Feature Class</enttypt><enttypc Sync="TRUE">0</enttypc></enttyp><attr><attrlabl Sync="TRUE">Shape</attrlabl><attalias Sync="TRUE">sh_nme</attalias><attrtype Sync="TRUE">String</attrtype><attwidth Sync="TRUE">25</attwidth><atprecis Sync="TRUE">0</atprecis><attscale Sync="TRUE">0</attscale><attrdef Sync="TRUE">Feature geometry.</attrdef><attrdefs Sync="TRUE">ESRI</attrdefs><attrdomv><udom Sync="TRUE">Coordinates defining the features.</udom></attrdomv></attr><attr><attrlabl Sync="TRUE">Shape_Leng</attrlabl><attalias Sync="TRUE">sh_no</attalias><attrtype Sync="TRUE">String</attrtype><attwidth Sync="TRUE">32</attwidth><atprecis Sync="TRUE">0</atprecis><attscale Sync="TRUE">0</attscale></attr><attr><attrlabl Sync="TRUE">sh_nme</attrlabl><attalias Sync="TRUE">comment</attalias><attrtype Sync="TRUE">String</attrtype><attwidth Sync="TRUE">25</attwidth><atprecis Sync="TRUE">0</atprecis><attscale Sync="TRUE">0</attscale></attr><attr><attrlabl Sync="TRUE">sh_no</attrlabl><attalias Sync="TRUE">year_</attalias><attrtype Sync="TRUE">Double</attrtype><attwidth Sync="TRUE">19</attwidth><atprecis Sync="TRUE">18</atprecis><attscale Sync="TRUE">11</attscale></attr><attr><attrlabl Sync="TRUE">comment</attrlabl><attalias Sync="TRUE">Shape</attalias><attrtype Sync="TRUE">Geometry</attrtype><attwidth Sync="TRUE">0</attwidth><atprecis Sync="TRUE">0</atprecis><attscale Sync="TRUE">0</attscale><attrdef Sync="TRUE">Feature geometry.</attrdef><attrdefs Sync="TRUE">Esri</attrdefs><attrdomv><udom Sync="TRUE">Coordinates defining the features.</udom></attrdomv></attr><attr><attrlabl Sync="TRUE">year_</attrlabl><attalias Sync="TRUE">FID</attalias><attrtype Sync="TRUE">OID</attrtype><attwidth Sync="TRUE">4</attwidth><atprecis Sync="TRUE">0</atprecis><attscale Sync="TRUE">0</attscale><attrdef Sync="TRUE">Internal feature number.</attrdef><attrdefs Sync="TRUE">Esri</attrdefs><attrdomv><udom Sync="TRUE">Sequential unique whole numbers that are automatically generated.</udom></attrdomv></attr><attr><attrlabl Sync="TRUE">shape</attrlabl><attalias Sync="TRUE">shape_leng</attalias><attrtype Sync="TRUE">Double</attrtype><attwidth Sync="TRUE">19</attwidth><attrdef Sync="TRUE">Feature geometry.</attrdef><attrdefs Sync="TRUE">ESRI</attrdefs><attrdomv><udom Sync="TRUE">Coordinates defining the features.</udom></attrdomv><atprecis Sync="TRUE">18</atprecis><attscale Sync="TRUE">11</attscale></attr><attr><attrlabl Sync="TRUE">FID</attrlabl><attalias Sync="TRUE">opp_ha50</attalias><attrtype Sync="TRUE">Double</attrtype><attwidth Sync="TRUE">19</attwidth><attrdef Sync="TRUE">Internal feature number.</attrdef><attrdefs Sync="TRUE">ESRI</attrdefs><attrdomv><udom Sync="TRUE">Sequential unique whole numbers that are automatically generated.</udom></attrdomv><atprecis Sync="TRUE">18</atprecis><attscale Sync="TRUE">11</attscale></attr><attr><attrlabl Sync="TRUE">shape_leng</attrlabl><attalias Sync="TRUE">edition</attalias><attrtype Sync="TRUE">Double</attrtype><attwidth Sync="TRUE">19</attwidth><atprecis Sync="TRUE">18</atprecis><attscale Sync="TRUE">11</attscale></attr><attr><attrlabl Sync="TRUE">opp_ha50</attrlabl><attalias Sync="TRUE">SE_Area_sh</attalias><attrtype Sync="TRUE">Double</attrtype><attwidth Sync="TRUE">19</attwidth><atprecis Sync="TRUE">0</atprecis><attscale Sync="TRUE">0</attscale></attr><attr><attrlabl Sync="TRUE">edition</attrlabl><attalias Sync="TRUE">SE_Length_</attalias><attrtype Sync="TRUE">Double</attrtype><attwidth Sync="TRUE">19</attwidth><atprecis Sync="TRUE">0</atprecis><attscale Sync="TRUE">0</attscale></attr><attr><attrlabl Sync="TRUE">SE_Area_sh</attrlabl><attalias Sync="TRUE">SE_Area_sh</attalias><attrtype Sync="TRUE">Double</attrtype><attwidth Sync="TRUE">19</attwidth><atprecis Sync="TRUE">0</atprecis><attscale Sync="TRUE">0</attscale></attr><attr><attrlabl Sync="TRUE">SE_Length_</attrlabl><attalias Sync="TRUE">SE_Length_</attalias><attrtype Sync="TRUE">Double</attrtype><attwidth Sync="TRUE">19</attwidth><atprecis Sync="TRUE">0</atprecis><attscale Sync="TRUE">0</attscale></attr></detailed></eainfo><mdDateSt Sync="TRUE">20220622</mdDateSt><dataqual><lineage><procstep><procdesc Sync="TRUE">Dataset copied.</procdesc><srcused Sync="TRUE">\\GIS2\D$\Tasks\_GIS_Data\RSA.gdb</srcused><date Sync="TRUE">20070717</date><time Sync="TRUE">15031000</time></procstep><procstep><procdesc Sync="TRUE">Dataset copied.</procdesc><srcused Sync="TRUE">Server=155.240.96.24; Service=esri_sde; User=sde; Version=sde.DEFAULT</srcused><date Sync="TRUE">20071023</date><time Sync="TRUE">10014100</time></procstep><procstep><procdesc Sync="TRUE">Dataset moved.</procdesc><srcused Sync="TRUE">B:\_sort\AGIS\SHP\sde_sde_mi_Sheet_50K</srcused><date Sync="TRUE">20080226</date><time Sync="TRUE">09390100</time></procstep></lineage></dataqual><spref><horizsys><cordsysn><geogcsn Sync="TRUE">GCS_WGS_1984</geogcsn></cordsysn><geograph><geogunit Sync="TRUE">Decimal degrees</geogunit><latres Sync="TRUE">0.000000</latres><longres Sync="TRUE">0.000000</longres></geograph><geodetic><horizdn Sync="TRUE">D_WGS_1984</horizdn><ellips Sync="TRUE">WGS_1984</ellips><semiaxis Sync="TRUE">6378137.000000</semiaxis><denflat Sync="TRUE">298.257224</denflat></geodetic></horizsys><vertdef><altsys><altenc Sync="TRUE">Explicit elevation coordinate included with horizontal coordinates</altenc><altres Sync="TRUE">1.000000</altres></altsys></vertdef></spref><refSysInfo><RefSystem><refSysID><identCode Sync="TRUE" code="4326">GCS_WGS_1984</identCode><idCodeSpace Sync="TRUE">EPSG</idCodeSpace><idVersion Sync="TRUE">6.2(3.0.1)</idVersion></refSysID></RefSystem></refSysInfo></metadata>
